mac,total_queries,unique_domains,domain_diversity_ratio,qtype_1_count,qtype_28_count,qtype_other_count,qtype_1_ratio,qtype_28_ratio,active_hours,active_days,time_span_seconds,time_span_hours,queries_per_hour,avg_query_interval,std_query_interval,min_query_interval,max_query_interval,median_query_interval,top_domain_frequency,top_domain_ratio,peak_hour_queries,peak_hour_ratio,domain_entropy,query_burstiness,weekend_query_ratio
1093ef9de22486f357396c5b0c37beb4,4242,275,0.06482791136256483,4228,5,9,0.9966996699669967,0.0011786892975011788,24,4,1274358,353.98833333333334,11.983445782111463,300.48526290969113,15786.834034440653,0.0,1023709.0,0.0,1213,0.28595002357378596,758,0.17868929750117868,5.715396376697085,52.53779796577006,0.37505893446487504
19b2ec9332c33b73e12691408646795b,28,1,0.03571428571428571,28,0,0,1.0,0.0,2,7,2164664,601.2955555555556,0.04656611834446362,80172.74074074074,22453.535042209674,0.0,86407.0,86402.0,28,1.0,20,0.7142857142857143,-1.4426951601859516e-10,0.280064456257258,0.2857142857142857
20979bf8e363e1bae629cdb88fd16668,132,4,0.030303030303030304,132,0,0,1.0,0.0,6,7,2139860,594.4055555555556,0.2220706027497126,16334.809160305344,14726.902427511834,0.0,48002.0,21605.0,101,0.7651515151515151,53,0.4015151515151515,0.9412410140957058,0.9015656248558551,0.3106060606060606
20bf46bf76672bb70f9ab950cf8683fe,64026,2818,0.04401336956861275,43754,897,19375,0.6833786274326055,0.014009933464530035,23,7,2079967,577.7686111111111,110.81598890751633,32.48679422100742,759.2178183662438,0.0,51379.0,0.0,3001,0.04687158341923593,10182,0.1590291444100834,9.177951684812385,23.370044246326387,0.45606472370599443
3696c9ac3bd67ac15243a7cd8d87311c,3742,342,0.09139497594869055,2864,878,0,0.7653661143773384,0.2346338856226617,24,3,334845,93.0125,40.23115172691843,89.50681635926223,3683.1581324496506,0.0,225246.0,19.0,609,0.1627471940138963,547,0.1461785141635489,6.265937401523518,41.14947087008658,0.0
4bc0fc5f5be98bae321ba875a00648f4,1,1,1.0,1,0,0,1.0,0.0,1,1,0,0.0,1.0,0.0,0.0,0.0,0.0,0.0,1,1.0,1,1.0,-1.4426951601859516e-10,0.0,1.0
52ae3201e404dd54128825af2428aef9,11417,193,0.01690461592362267,10304,1113,0,0.9025137952176578,0.09748620478234211,18,7,2076515,576.8097222222223,19.793355694517015,181.89514716187807,2741.4684540234466,0.0,127058.0,0.0,1363,0.11938337566786371,1348,0.11806954541473241,4.8473492069329565,15.071696506469573,0.4489795918367347
553a2f9f4acbd6c8c6388196456d1fea,4,1,0.25,2,2,0,0.5,0.5,1,1,0,0.0,4.0,0.0,0.0,0.0,0.0,0.0,4,1.0,4,1.0,-1.4426951601859516e-10,0.0,0.0
6370ee5df0bb99b34e9ab2aa8e6d2096,1195,61,0.05104602510460251,863,332,0,0.7221757322175733,0.2778242677824268,7,1,30678,8.521666666666667,140.2307842753765,25.693467336683415,424.37214390270054,0.0,14230.0,0.0,192,0.1606694560669456,303,0.2535564853556485,4.493623494078971,16.51673315795764,0.0
6480adc9953c9bfaa1ee667b61f0d39c,1,1,1.0,1,0,0,1.0,0.0,1,1,0,0.0,1.0,0.0,0.0,0.0,0.0,0.0,1,1.0,1,1.0,-1.4426951601859516e-10,0.0,0.0
660e6556a550d532d9862644e3697a0a,109553,1752,0.015992259454328042,44824,28342,36387,0.40915356037716905,0.2587058318804597,24,3,1500815,416.8930555555556,262.7844204648807,13.69956732875712,2412.1633636683655,0.0,594601.0,0.0,5422,0.04949202669027777,13821,0.12615811525015289,7.847000592021038,176.07587931663582,0.0
770afbc39c2a0e683d959bc9a66c91f6,1914,218,0.11389759665621735,1757,22,135,0.9179728317659352,0.011494252873563218,15,3,1115896,309.9711111111111,6.174768974886549,583.3225300575014,24407.11573888693,0.0,1067534.0,0.0,306,0.15987460815047022,493,0.25757575757575757,6.19162523275095,41.841544739375976,0.5658307210031348
78e9b89f754ae8acfab695fc4bc138b0,29130,510,0.017507723995880537,23181,5817,132,0.7957775489186406,0.19969104016477857,24,7,2107676,585.4655555555555,49.75527547877378,72.35662054996739,591.0443061701405,0.0,45570.0,0.0,4189,0.1438036388602815,5323,0.18273257809818058,6.663234793652174,8.168489651364832,0.3976656368005493
7ceaa874412e22399c9eee3597c325c8,9456,240,0.025380710659898477,5947,3494,15,0.6289128595600677,0.36950084602368866,24,7,2106108,585.03,16.16327367827291,222.7507139079852,5779.3390242818905,0.0,482149.0,0.0,640,0.0676818950930626,2734,0.28912859560067683,6.430330610837865,25.945322117662187,0.44247038917089676
827cfb595f6b4e6e92af99251070ed7f,16447,277,0.01684197726029063,11128,5215,104,0.6765975557852496,0.3170791025718976,24,7,1922663,534.0730555555556,30.79541240456596,116.90763711540801,2233.8628284192873,0.0,163900.0,0.0,1234,0.07502888064692649,2882,0.17522952514136317,6.562724483884104,19.10792899025133,0.34820939989055755
86cf2bc1494301c9ee2cab14c28fda68,654,10,0.01529051987767584,654,0,0,1.0,0.0,24,7,2186986,607.4961111111111,1.076550101372391,3349.136294027565,10133.289241759672,0.0,66891.0,0.0,446,0.6819571865443425,220,0.3363914373088685,1.6100403628886104,3.0256425394899953,0.3287461773700306
8822f1ed9a3b7aeef278e31be90e92d9,5251,725,0.13806893924966673,4107,188,956,0.7821367358598362,0.03580270424681013,18,7,1978051,549.4586111111112,9.556679782270527,376.771619047619,4389.178611042017,0.0,146111.0,0.0,268,0.05103789754332508,1567,0.2984193486954866,8.121710295606423,11.649440640292182,0.31936773947819463
8bff080084f689ff612fb5f913b1caf7,11580,863,0.07452504317789292,7165,106,4309,0.6187392055267703,0.009153713298791019,13,3,1487225,413.11805555555554,28.030728369950747,128.44157526556697,7455.794202030995,0.0,592986.0,0.0,561,0.04844559585492228,1935,0.16709844559585493,7.98437551349894,58.04813734661325,0.0
92980805b9826198b0a60ca31d4212f9,29016,983,0.03387786049076372,15198,8148,5670,0.5237799834574028,0.28081058726220015,14,6,1828467,507.9075,57.12851257364776,63.01799069446838,3606.6560443019903,0.0,354510.0,0.0,5006,0.17252550317066445,4273,0.1472635787151916,7.116328838316634,57.23216504614097,0.8064860766473669
9d8d0036846ec5b9ef719a4f68bbd76e,750,200,0.26666666666666666,685,65,0,0.9133333333333333,0.08666666666666667,4,2,693569,192.65805555555556,3.89290755498011,925.9933244325767,24858.137186300788,0.0,680326.0,0.0,124,0.16533333333333333,501,0.668,5.972204076532121,26.844834115335736,1.0
a0e4d9a422d2c1702827119de72900af,4575,272,0.059453551912568306,1792,0,2783,0.39169398907103825,0.0,24,4,276366,76.76833333333333,59.59488504374634,60.42107564494972,190.61178164775637,0.0,2102.0,0.0,387,0.08459016393442623,629,0.13748633879781422,6.399523415758064,3.1547234075712556,0.42710382513661205
a7638f9e6bf169dc2f292c3bc54d557b,109,60,0.5504587155963303,105,4,0,0.963302752293578,0.03669724770642202,1,1,227,0.06305555555555556,1728.6343612334801,2.1018518518518516,5.045475098392738,0.0,32.0,0.0,11,0.10091743119266056,109,1.0,5.527916649012704,2.4004903551824484,0.0
b6ac207320e02f90e37334bf026089b3,6246,256,0.04098623118796029,4448,1738,60,0.7121357668908102,0.27825808517451167,21,6,1832728,509.0911111111111,12.268923702808054,293.47125700560446,10831.963679710465,0.0,754440.0,0.0,1727,0.276496958053154,1635,0.2617675312199808,5.465702539567845,36.90979413191257,0.09622158181235992
c3624ed102742e9e727d737af14b1133,20175,12,0.0005947955390334573,10139,10036,0,0.5025526641883519,0.4974473358116481,24,7,2190949,608.5969444444445,33.150018553603935,108.60260731634777,1360.8453594936507,0.0,78597.0,0.0,15962,0.7911771995043371,6041,0.29942998760842626,1.1960275146519326,12.530503577410935,0.32351920693928127
c82d83a47e2f5fd4e028d3d0ce339d4a,230413,1752,0.007603737636331283,122911,105889,1613,0.5334377834583987,0.45956174347801554,24,7,2029932,563.87,408.62787521946547,8.810009895317952,398.4356202058883,0.0,98546.0,0.0,15054,0.0653348552382027,15930,0.06913672405636835,6.406148969451964,45.225331746521135,0.527366077434867
d0d5fd02e0eb4742a179ca5bed698e02,2,1,0.5,1,1,0,0.5,0.5,1,1,0,0.0,2.0,0.0,0.0,0.0,0.0,0.0,2,1.0,2,1.0,-1.4426951601859516e-10,0.0,0.0
d42d3459697185bab559783fecdaf3a9,6284,467,0.07431572246976448,3238,843,2203,0.5152768936982813,0.1341502227880331,7,4,1653780,459.3833333333333,13.679207633421615,263.21502466974374,10015.895336497626,0.0,551496.0,0.0,750,0.11935073201782304,2675,0.4256842775302355,7.419252449423379,38.05214139680888,0.5991406747294716
dbe534c9f1c15073e1d98871ade0e813,5499,326,0.05928350609201673,2174,0,3325,0.39534460811056554,0.0,24,5,2192083,608.9119444444444,9.030862426285866,398.70552928337577,25719.507687389556,0.0,1907070.0,0.0,328,0.0596472085833788,748,0.13602473176941263,6.809300027912299,64.50752698016808,0.36442989634478995
dfe69ead2dde867e856bd69fdbc73150,132,3,0.022727272727272728,132,0,0,1.0,0.0,6,7,2139870,594.4083333333333,0.22206956497357316,16334.885496183206,15106.64409540549,0.0,47289.0,21306.0,102,0.7727272727272727,52,0.3939393939393939,0.8798165814887535,0.924808692349591,0.3106060606060606
f2bfcf723afed6da63296e629c510e1a,668,11,0.016467065868263474,668,0,0,1.0,0.0,24,7,2189115,608.0875,1.0985261167184,3282.031484257871,9953.275805722105,0.0,83717.0,0.0,205,0.3068862275449102,219,0.3278443113772455,2.9138281633790237,3.032657015468189,0.33083832335329344
f401021c1fe5585726afdae84ed33cf2,12146,512,0.04215379548822658,11518,48,580,0.948295735221472,0.003951918327021241,24,7,2109448,585.9577777777778,20.728455975212473,173.68859613009468,4115.230890321305,0.0,430305.0,0.0,2603,0.2143092376090894,1508,0.12415610077391734,6.478906842078051,23.693155348201167,0.5004939897908777
f86e2562ec2fda1c5242d460808fc8ca,1,1,1.0,1,0,0,1.0,0.0,1,1,0,0.0,1.0,0.0,0.0,0.0,0.0,0.0,1,1.0,1,1.0,-1.4426951601859516e-10,0.0,1.0
